2113	Bacte	Actinobacteri	Actinobacte	Frankia	Acidothermac	Acidother	Unclassified
1959	Bacte	Actinobacteri	Actinobacte	Streptomyceta	Streptomycetac	Streptomy	Unclassified
1890	Bacte	Actinobacteri	Actinobacte	Unclassified	Unclassified	Unclassified	Unclassified
1806	Bacte	Actinobacteri	Actinobacte	Micromonospora	Micromonosporac	Actinocatenisp	Unclassified
1715	Bacte	Bacteroid	Bacteroi	Chitinophaga	Chitinophagac	Sediminibacter	Unclassified
1550	Bacte	Bacteroid	Bacteroi	Flavobacteria	Flavobacteriac	Flavobacter	Unclassified
1327	Bacte	Actinobacteri	Actinobacte	Streptomyceta	Streptomycetac	Unclassified	Unclassified
1117	Bacte	Actinobacteri	Actinobacte	Streptomyceta	Streptomycetac	Streptomy	Unclassified
935	Bacte	Proteobacte	Gammaproteobacte	Burkholderia	Comamonadac	Ramlibac	Unclassified
919	Bacte	Proteobacte	Alphaproteobacte	Rickettsia	Mitochond	Unclassified	Unclassified
884	Bacte	Proteobacte	Gammaproteobacte	Burkholderia	Methylophilac	Methylobacil	Unclassified
863	Bacte	Bacteroid	Bacteroi	Chitinophaga	Chitinophagac	Chitinoph	Unclassified
790	Bacte	Bacteroid	Bacteroi	Chitinophaga	Chitinophagac	Chitinoph	Unclassified
730	Bacte	Verrucomicrobi	Verrucomicrob	Chthoniobactera	Chthoniobacterac	Chthoniobac	Unclassified
682	Bacte	Bacteroid	Bacteroi	Chitinophaga	Chitinophagac	Edaphobacu	Unclassified
660	Bacte	Proteobacte	Alphaproteobacte	Caulobactera	Caulobacterac	Phenylobacter	mob
621	Bacte	Verrucomicrobi	Verrucomicrob	Verrucomicrobia	Verrucomicrobiac	Prosthecobac	Unclassified
613	Bacte	Armatimonad	Unclassified	Unclassified	Unclassified	Unclassified	Unclassified
610	Bacte	Proteobacte	Alphaproteobacte	Rhizobia	Rhizobiac	Pseudaminobac	Unclassified
575	Bacte	Patescibacte	Saccharimona	Saccharimonada	Saccharimonadac	T	Unclassified
548	Bacte	Actinobacteri	Actinobacte	Streptosporangia	Thermomonosporac	Actinoallomu	ory
523	Bacte	Proteobacte	Alphaproteobacte	Rhizobia	Xanthobacterac	Unclassified	Unclassified
517	Bacte	Bdellovibrion	Oligofle	Oligoflexa	Oligofle	Unclassified	Unclassified
507	Bacte	Proteobacte	Gammaproteobacte	Salinisphaera	Solimonadac	Solimo	Unclassified
469	Bacte	Proteobacte	Gammaproteobacte	Xanthomonada	Rhodanobacterac	Rhodanobac	Unclassified
430	Bacte	Proteobacte	Gammaproteobacte	Salinisphaera	Solimonadac	Alkanibac	Unclassified
417	Bacte	Actinobacteri	Actinobacte	Corynebacteria	Nocardiac	Nocar	Unclassified
413	Bacte	Bacteroid	Bacteroi	Chitinophaga	Chitinophagac	Chitinoph	Unclassified
398	Bacte	Proteobacte	Gammaproteobacte	Salinisphaera	Solimonadac	Solimo	Unclassified
395	Bacte	Proteobacte	Alphaproteobacte	Micropepsa	Micropepsac	Unclassified	Unclassified
374	Bacte	Proteobacte	Alphaproteobacte	Sphingomonada	Sphingomonadac	Sphingopy	Unclassified
357	Bacte	Planctomycet	Phycisphae	Tepidisphaera	WD2101 soil gr	Unclassified	Unclassified
356	Bacte	Proteobacte	Alphaproteobacte	Micropepsa	Micropepsac	Unclassified	Unclassified
343	Bacte	Cyanobacte	Sericytochroma	Unclassified	Unclassified	Unclassified	Unclassified
336	Bacte	Bacteroid	Bacteroi	Sphingobacteria	env.OPS	Unclassified	Unclassified
330	Bacte	Actinobacteri	Actinobacte	Streptosporangia	Thermomonosporac	Actinomad	Unclassified
321	Bacte	Verrucomicrobi	Verrucomicrob	Pedosphaera	Pedosphaerac	Pedospha	Unclassified
320	Bacte	Proteobacte	Gammaproteobacte	Burkholderia	Comamonadac	Unclassified	Unclassified
308	Bacte	Proteobacte	Gammaproteobacte	Burkholderia	Oxalobacterac	Massi	Unclassified
302	Bacte	Proteobacte	Gammaproteobacte	Salinisphaera	Solimonadac	Alkanibac	Unclassified
298	Bacte	Verrucomicrobi	Verrucomicrob	Opituta	Opitutac	Opitu	Unclassified
284	Bacte	Bacteroid	Bacteroi	Flavobacteria	Flavobacteriac	Flavobacter	Unclassified
281	Bacte	Bacteroid	Bacteroi	Chitinophaga	Chitinophagac	Chitinoph	taiwanen
279	Bacte	Planctomycet	Planctomyce	Isosphaera	Isosphaerac	Singulispha	Unclassified
277	Bacte	Verrucomicrobi	Verrucomicrob	Verrucomicrobia	Verrucomicrobiac	Unclassified	Unclassified
269	Bacte	Bacteroid	Bacteroi	Chitinophaga	Chitinophagac	Chitinoph	ru
267	Bacte	Actinobacteri	Actinobacte	Streptomyceta	Streptomycetac	Unclassified	Unclassified
262	Bacte	Proteobacte	Alphaproteobacte	Sphingomonada	Sphingomonadac	Novosphingob	Unclassified
257	Bacte	Planctomycet	Planctomyce	Isosphaera	Isosphaerac	Paludispha	Unclassified
257	Bacte	Proteobacte	Gammaproteobacte	Salinisphaera	Solimonadac	Alkanibac	Unclassified
251	Bacte	Proteobacte	Alphaproteobacte	Rhizobia	Devosiac	Devo	geojen
249	Bacte	Proteobacte	Alphaproteobacte	Sphingomonada	Sphingomonadac	Porphyrobac	Unclassified
243	Bacte	Planctomycet	Planctomyce	Isosphaera	Isosphaerac	Unclassified	Unclassified
242	Bacte	Bacteroid	Bacteroi	Sphingobacteria	Sphingobacteriac	Mucilaginibac	Unclassified
240	Bacte	Proteobacte	Alphaproteobacte	Rhizobia	Rhizobiac	Unclassified	Unclassified
240	Bacte	Actinobacteri	Actinobacte	Streptosporangia	Thermomonosporac	Actinoallomu	Unclassified
229	Bacte	Proteobacte	Alphaproteobacte	Sphingomonada	Sphingomonadac	Sphingob	Unclassified
226	Bacte	Bacteroid	Bacteroi	Sphingobacteria	Sphingobacteriac	Mucilaginibac	Unclassified
225	Bacte	Acidobacteri	Vicinamibacte	Vicinamibactera	Unclassified	Unclassified	Unclassified
219	Bacte	Cyanobacte	Vampirivibrio	Vampirovibriona	Vampirovibrionac	Vampirovib	Unclassified
218	Bacte	Gemmatimonad	Gemmatimonade	Gemmatimonada	Gemmatimonadac	Gemmatimo	Unclassified
218	Bacte	Proteobacte	Gammaproteobacte	Burkholderia	Alcaligenac	Unclassified	Unclassified
212	Bacte	Bacteroid	Bacteroi	Chitinophaga	Chitinophagac	Taibaie	yonginen
211	Bacte	Armatimonad	Fimbriimona	Fimbriimonada	Fimbriimonadac	Fimbriimo	Unclassified
211	Bacte	Proteobacte	Alphaproteobacte	Sphingomonada	Sphingomonadac	Sphingomo	oligoaromativor
211	Bacte	Chlorofl	Ktedonobacte	Ktedonobactera	Ktedonobacterac	Unclassified	Unclassified
211	Bacte	Proteobacte	Gammaproteobacte	Burkholderia	Comamonadac	Ramlibac	Unclassified
209	Bacte	Verrucomicrobi	Verrucomicrob	Verrucomicrobia	Rubritaleac	Luteolibac	Unclassified
201	Bacte	Planctomycet	Phycisphae	Tepidisphaera	CPla-3 termite gr	Unclassified	Unclassified
200	Bacte	Bacteroid	Bacteroi	Flavobacteria	Crocinitomicac	Fluviic	Unclassified
197	Bacte	Abditibacteri	Abditibacte	Abditibacteria	Abditibacteriac	Abditibacter	Unclassified
194	Bacte	Acidobacteri	Acidobacter	Acidobacteria	Acidobacteriaceae (Subgroup	Edaphobac	Unclassified
194	Bacte	Proteobacte	Gammaproteobacte	Burkholderia	Oxalobacterac	Unclassified	Unclassified
192	Bacte	Proteobacte	Alphaproteobacte	Rhizobia	Xanthobacterac	Pseudolab	Unclassified
192	Bacte	Proteobacte	Gammaproteobacte	Xanthomonada	Rhodanobacterac	Rhodanobac	Unclassified
192	Bacte	Cyanobacte	Sericytochroma	Unclassified	Unclassified	Unclassified	Unclassified
189	Bacte	Myxococc	Myxococ	Myxococca	Anaeromyxobacterac	Anaeromyxobac	Unclassified
187	Bacte	Actinobacteri	Actinobacte	Unclassified	Unclassified	Unclassified	Unclassified
184	Bacte	Acidobacteri	Acidobacter	Bryobactera	Bryobacterac	Bryobac	Unclassified
184	Bacte	Firmicu	Baci	Alicyclobacilla	Alicyclobacillac	Alicyclobacil	fodiniaquati
179	Bacte	Planctomycet	Planctomyce	Isosphaera	Isosphaerac	Singulispha	Unclassified
177	Bacte	Proteobacte	Alphaproteobacte	Sphingomonada	Sphingomonadac	Hephaes	Unclassified
169	Bacte	Bacteroid	Bacteroi	Sphingobacteria	Sphingobacteriac	Mucilaginibac	ximonen
165	Bacte	Planctomycet	Planctomyce	Isosphaera	Isosphaerac	Paludispha	Unclassified
164	Bacte	Actinobacteri	Actinobacte	Micrococca	Microbacteriac	Chryseoglo	Unclassified
163	Bacte	Proteobacte	Alphaproteobacte	Micropepsa	Micropepsac	Unclassified	Unclassified
160	Bacte	Bacteroid	Bacteroi	Chitinophaga	Chitinophagac	Taibaie	smilaci
160	Bacte	Actinobacteri	Actinobacte	Corynebacteria	Mycobacteriac	Mycobacter	Unclassified
159	Bacte	Proteobacte	Alphaproteobacte	Acetobactera	Acetobacterac	Unclassified	Unclassified
144	Bacte	Proteobacte	Gammaproteobacte	Xanthomonada	Rhodanobacterac	Rhodanobac	Unclassified
142	Bacte	Proteobacte	Alphaproteobacte	Azospirilla	Azospirillac	Azospiril	Unclassified
141	Bacte	Actinobacteri	Actinobacte	Streptomyceta	Streptomycetac	Streptomy	Unclassified
140	Bacte	Bdellovibrion	Bdellovibrio	Bacteriovoraca	Bacteriovoracac	Peredibac	star
139	Bacte	Planctomycet	Planctomyce	Isosphaera	Isosphaerac	Aquispha	Unclassified
138	Bacte	Verrucomicrobi	Verrucomicrob	Verrucomicrobia	Verrucomicrobiac	Prosthecobac	vanneerve
138	Bacte	Proteobacte	Gammaproteobacte	Burkholderia	Burkholderiac	Burkholderia-Caballeronia-Paraburkholde	Unclassified
137	Bacte	Proteobacte	Alphaproteobacte	Rhizobia	Rhizobiac	Pseudaminobac	Unclassified
137	Bacte	Proteobacte	Alphaproteobacte	Dongia	Dongiac	Don	Unclassified
135	Bacte	Bacteroid	Bacteroi	Chitinophaga	Chitinophagac	Parafilimo	rhizosphae
135	Bacte	Gemmatimonad	Gemmatimonade	Gemmatimonada	Gemmatimonadac	Gemmatimo	Unclassified
130	Bacte	Proteobacte	Alphaproteobacte	Sphingomonada	Sphingomonadac	Hephaes	Unclassified
128	Bacte	Bdellovibrion	Bdellovibrio	Bdellovibriona	Bdellovibrionac	Bdellovib	Unclassified
127	Bacte	Proteobacte	Alphaproteobacte	Rhizobia	Devosiac	Devo	Unclassified
127	Bacte	Proteobacte	Gammaproteobacte	Xanthomonada	Xanthomonadac	Luteimo	Unclassified
125	Bacte	Proteobacte	Alphaproteobacte	Sphingomonada	Sphingomonadac	Plot4-2	Unclassified
123	Bacte	Proteobacte	Alphaproteobacte	Rhizobia	Xanthobacterac	Unclassified	Unclassified
123	Bacte	Bacteroid	Bacteroi	Chitinophaga	Chitinophagac	Unclassified	Unclassified
122	Bacte	Proteobacte	Alphaproteobacte	Micavibriona	Micavibrionac	Unclassified	Unclassified
122	Bacte	Proteobacte	Alphaproteobacte	Rhizobia	Rhizobiac	Allorhizobium-Neorhizobium-Pararhizobium-Rhizob	Unclassified
121	Bacte	Planctomycet	Planctomyce	Isosphaera	Isosphaerac	Paludispha	Unclassified
121	Bacte	Actinobacteri	Actinobacte	Streptomyceta	Streptomycetac	Streptomy	sulfonofaci
120	Bacte	Proteobacte	Gammaproteobacte	Gammaproteobacteria Incertae Se	Unknown Fam	Acidibac	Unclassified
120	Bacte	Verrucomicrobi	Verrucomicrob	Pedosphaera	Pedosphaerac	Pedospha	Unclassified
119	Bacte	Bacteroid	Bacteroi	Flavobacteria	Flavobacteriac	Flavobacter	Unclassified
119	Bacte	Bacteroid	Bacteroi	Sphingobacteria	Sphingobacteriac	Pedobac	Unclassified
119	Bacte	Proteobacte	Gammaproteobacte	Burkholderia	Alcaligenac	Candidimo	Unclassified
117	Bacte	Bacteroid	Kapabacte	Kapabacteria	Unclassified	Unclassified	Unclassified
116	Bacte	Proteobacte	Alphaproteobacte	Rhizobia	Xanthobacterac	Pseudolab	Unclassified
116	Bacte	Armatimonad	Unclassified	Unclassified	Unclassified	Unclassified	Unclassified
114	Bacte	Actinobacteri	Actinobacte	Corynebacteria	Mycobacteriac	Mycobacter	Unclassified
113	Bacte	Proteobacte	Alphaproteobacte	Caulobactera	Caulobacterac	Unclassified	Unclassified
112	Bacte	Proteobacte	Alphaproteobacte	Sphingomonada	Sphingomonadac	Novosphingob	Unclassified
111	Bacte	Planctomycet	Planctomyce	Isosphaera	Isosphaerac	Unclassified	Unclassified
111	Bacte	Actinobacteri	Actinobacte	Micromonospora	Micromonosporac	Actinocatenisp	Unclassified
110	Bacte	Proteobacte	Gammaproteobacte	Burkholderia	Methylophilac	Unclassified	Unclassified
109	Bacte	Verrucomicrobi	Verrucomicrob	Pedosphaera	Pedosphaerac	Unclassified	Unclassified
106	Bacte	Bacteroid	Bacteroi	Sphingobacteria	Sphingobacteriac	Pedobac	Unclassified
105	Bacte	Proteobacte	Alphaproteobacte	Sphingomonada	Sphingomonadac	Novosphingob	Unclassified
103	Bacte	Proteobacte	Gammaproteobacte	Xanthomonada	Rhodanobacterac	Dye	Unclassified
103	Bacte	Actinobacteri	Actinobacte	Micrococca	Microbacteriac	Unclassified	Unclassified
102	Bacte	Proteobacte	Gammaproteobacte	Xanthomonada	Rhodanobacterac	Rhodanobac	Unclassified
102	Bacte	Proteobacte	Gammaproteobacte	Oceanospirilla	Pseudohongiellac	BIy	Unclassified
100	Bacte	Planctomycet	Planctomyce	Pirellula	Pirellulac	Pirell	Unclassified
100	Bacte	Cyanobacte	Vampirivibrio	Vampirovibriona	Unclassified	Unclassified	Unclassified
99	Bacte	Proteobacte	Alphaproteobacte	Caulobactera	Caulobacterac	Unclassified	Unclassified
99	Bacte	Bacteroid	Bacteroi	Chitinophaga	Chitinophagac	Arachidicoc	ginsenosidivor
99	Bacte	Actinobacteri	Actinobacte	Micrococca	Microbacteriac	Unclassified	Unclassified
98	Bacte	Verrucomicrobi	Verrucomicrob	Pedosphaera	Pedosphaerac	Unclassified	Unclassified
98	Bacte	Proteobacte	Gammaproteobacte	Burkholderia	Alcaligenac	Unclassified	Unclassified
97	Bacte	Planctomycet	Planctomyce	Isosphaera	Isosphaerac	Paludispha	Unclassified
96	Bacte	Proteobacte	Gammaproteobacte	Diplorickettsia	Diplorickettsiac	Unclassified	Unclassified
96	Bacte	Verrucomicrobi	Verrucomicrob	Pedosphaera	Pedosphaerac	Unclassified	Unclassified
96	Bacte	Bacteroid	Bacteroi	Sphingobacteria	Sphingobacteriac	Mucilaginibac	Unclassified
94	Bacte	Proteobacte	Alphaproteobacte	Rhizobia	Xanthobacterac	Afi	Unclassified
91	Bacte	Planctomycet	Planctomyce	Isosphaera	Isosphaerac	Aquispha	Unclassified
90	Bacte	Planctomycet	Phycisphae	Tepidisphaera	WD2101 soil gr	Unclassified	Unclassified
90	Bacte	Patescibacte	Saccharimona	Saccharimonada	Saccharimonadac	T	Unclassified
89	Bacte	Planctomycet	Planctomyce	Isosphaera	Isosphaerac	Unclassified	Unclassified
89	Bacte	Chlorofl	Chlorofle	Thermomicrobia	JG30-KF-C	Unclassified	Unclassified
88	Bacte	Proteobacte	Gammaproteobacte	Unclassified	Unclassified	Unclassified	Unclassified
88	Bacte	Bacteroid	Bacteroi	Cytophaga	Spirosomac	Spiros	aerophi
86	Bacte	Proteobacte	Alphaproteobacte	Rhizobia	Rhizobiac	Pseudaminobac	Unclassified
86	Bacte	Bacteroid	Bacteroi	Sphingobacteria	Unclassified	Unclassified	Unclassified
86	Bacte	Chlorofl	Ktedonobacte	Ktedonobactera	Ktedonobacterac	Unclassified	Unclassified
85	Bacte	Verrucomicrobi	Verrucomicrob	Opituta	Opitutac	Unclassified	Unclassified
85	Bacte	Proteobacte	Alphaproteobacte	Micropepsa	Micropepsac	Unclassified	Unclassified
85	Bacte	Proteobacte	Alphaproteobacte	Rickettsia	Mitochond	Unclassified	Unclassified
85	Bacte	Chlorofl	Ktedonobacte	Ktedonobactera	Ktedonobacterac	Unclassified	Unclassified
85	Bacte	Patescibacte	Saccharimona	Saccharimonada	Unclassified	Unclassified	Unclassified
84	Bacte	Proteobacte	Alphaproteobacte	Caulobactera	Caulobacterac	Caulobac	Unclassified
83	Bacte	Gemmatimonad	Gemmatimonade	Gemmatimonada	Gemmatimonadac	Gemmatimo	Unclassified
83	Bacte	Chlorofl	Ktedonobacte	Ktedonobactera	Ktedonobacterac	Unclassified	Unclassified
82	Bacte	Proteobacte	Gammaproteobacte	Burkholderia	Oxalobacterac	Noviherbaspiril	Unclassified
81	Bacte	Proteobacte	Alphaproteobacte	Rhizobia	Xanthobacterac	Pseudolab	Unclassified
81	Bacte	Proteobacte	Alphaproteobacte	Rhizobia	Rhizobiac	Mesorhizob	Unclassified
81	Bacte	Proteobacte	Gammaproteobacte	Burkholderia	Methylophilac	Methylobacil	Unclassified
80	Bacte	Proteobacte	Alphaproteobacte	Rhizobia	Xanthobacterac	Unclassified	Unclassified
80	Bacte	Proteobacte	Alphaproteobacte	Caulobactera	Caulobacterac	Phenylobacter	Unclassified
77	Bacte	Proteobacte	Gammaproteobacte	Salinisphaera	Solimonadac	Solimo	Unclassified
77	Bacte	Proteobacte	Alphaproteobacte	Caulobactera	Caulobacterac	Phenylobacter	Unclassified
77	Bacte	Bacteroid	Bacteroi	Chitinophaga	Chitinophagac	Flavita	Unclassified
76	Bacte	Proteobacte	Alphaproteobacte	Rhizobia	Rhizobiac	Allorhizobium-Neorhizobium-Pararhizobium-Rhizob	Unclassified
74	Bacte	Planctomycet	Planctomyce	Isosphaera	Isosphaerac	Singulispha	Unclassified
74	Bacte	Proteobacte	Gammaproteobacte	Burkholderia	Oxalobacterac	Noviherbaspiril	Unclassified
73	Bacte	Proteobacte	Alphaproteobacte	Sphingomonada	Sphingomonadac	Altererythrobac	Unclassified
72	Bacte	Verrucomicrobi	Verrucomicrob	Opituta	Opitutac	Cephaloticoc	Unclassified
72	Bacte	Verrucomicrobi	Verrucomicrob	Pedosphaera	Pedosphaerac	Unclassified	Unclassified
72	Bacte	Proteobacte	Alphaproteobacte	Dongia	Dongiac	Don	Unclassified
72	Bacte	Proteobacte	Alphaproteobacte	Micropepsa	Micropepsac	Unclassified	Unclassified
72	Bacte	Proteobacte	Alphaproteobacte	Rhizobia	Devosiac	Devo	Unclassified
72	Bacte	Bdellovibrion	Bdellovibrio	Bacteriovoraca	Bacteriovoracac	Peredibac	Unclassified
72	Bacte	Bacteroid	Bacteroi	Flavobacteria	Flavobacteriac	Flavobacter	haue
72	Bacte	Proteobacte	Alphaproteobacte	Sphingomonada	Sphingomonadac	Unclassified	Unclassified
72	Bacte	Patescibacte	Saccharimona	Saccharimonada	L	Unclassified	Unclassified
71	Bacte	Actinobacteri	Actinobacte	Micrococca	Microbacteriac	Unclassified	Unclassified
70	Bacte	Proteobacte	Unclassified	Unclassified	Unclassified	Unclassified	Unclassified
70	Bacte	Proteobacte	Gammaproteobacte	Xanthomonada	Rhodanobacterac	Dye	Unclassified
70	Bacte	Actinobacteri	Actinobacte	Streptomyceta	Streptomycetac	Unclassified	Unclassified
69	Bacte	Cyanobacte	Vampirivibrio	Obscuribactera	Obscuribacterac	Unclassified	Unclassified
69	Bacte	Acidobacteri	Acidobacter	Acidobacteria	Acidobacteriaceae (Subgroup	Granulice	Unclassified
68	Bacte	Armatimonad	Fimbriimona	Fimbriimonada	Fimbriimonadac	Unclassified	Unclassified
68	Bacte	Bacteroid	Bacteroi	Sphingobacteria	Sphingobacteriac	Pedobac	Unclassified
68	Bacte	Gemmatimonad	Longimicro	Longimicrobia	Longimicrobiac	Unclassified	Unclassified
67	Bacte	Proteobacte	Alphaproteobacte	Reyranella	Reyranellac	Reyrane	Unclassified
66	Bacte	Actinobacteri	Actinobacte	Micromonospora	Micromonosporac	Actinocatenisp	Unclassified
66	Bacte	Actinobacteri	Thermoleophi	Solirubrobactera	Solirubrobacterac	JCM 18	Unclassified
65	Bacte	Proteobacte	Alphaproteobacte	Sphingomonada	Sphingomonadac	Novosphingob	Unclassified
65	Bacte	Bacteroid	Bacteroi	Chitinophaga	Chitinophagac	Chitinoph	Unclassified
65	Bacte	Actinobacteri	Thermoleophi	Solirubrobactera	67	Unclassified	Unclassified
65	Bacte	Proteobacte	Gammaproteobacte	Burkholderia	Comamonadac	Paucibac	Unclassified
64	Bacte	Proteobacte	Alphaproteobacte	Rhodospirilla	Magnetospirac	Unclassified	Unclassified
63	Bacte	Planctomycet	Phycisphae	Tepidisphaera	WD2101 soil gr	Unclassified	Unclassified
63	Bacte	Proteobacte	Alphaproteobacte	Caulobactera	Caulobacterac	Caulobac	Unclassified
63	Bacte	Firmicu	Baci	Paenibacilla	Paenibacillac	Paenibacil	Unclassified
62	Bacte	Proteobacte	Gammaproteobacte	Xanthomonada	Rhodanobacterac	Rhodanobac	thiooxyd
62	Bacte	Bacteroid	Bacteroi	Chitinophaga	Chitinophagac	Edaphobacu	Unclassified
62	Bacte	Actinobacteri	Actinobacte	Propionibacteria	Nocardioidac	Kribbe	Unclassified
60	Bacte	Planctomycet	Planctomyce	Isosphaera	Isosphaerac	Singulispha	Unclassified
60	Bacte	Armatimonad	Unclassified	Unclassified	Unclassified	Unclassified	Unclassified
59	Bacte	Verrucomicrobi	Verrucomicrob	Pedosphaera	Pedosphaerac	DEV	Unclassified
59	Bacte	Planctomycet	Planctomyce	Planctomyceta	Rubinisphaerac	SH-P	Unclassified
59	Bacte	Actinobacteri	Thermoleophi	Solirubrobactera	67	Unclassified	Unclassified
58	Bacte	Planctomycet	Planctomyce	Pirellula	Pirellulac	Pirell	Unclassified
58	Bacte	Planctomycet	Planctomyce	Planctomyceta	Schlesneriac	Schlesne	Unclassified
58	Bacte	Armatimonad	Armatimona	Armatimonada	Unclassified	Unclassified	Unclassified
57	Bacte	Verrucomicrobi	Verrucomicrob	Opituta	Opitutac	Opitu	Unclassified
56	Bacte	Verrucomicrobi	Verrucomicrob	Opituta	Opitutac	Opitu	Unclassified
56	Bacte	Proteobacte	Alphaproteobacte	Rhizobia	Rhizobiac	Shine	fu
56	Bacte	Proteobacte	Alphaproteobacte	Parvibacula	Parvibaculac	Parvibacu	Unclassified
56	Bacte	Proteobacte	Alphaproteobacte	Micropepsa	Micropepsac	Unclassified	Unclassified
55	Bacte	Verrucomicrobi	Verrucomicrob	Pedosphaera	Pedosphaerac	Unclassified	Unclassified
55	Bacte	Proteobacte	Alphaproteobacte	Caulobactera	Caulobacterac	Caulobac	Unclassified
55	Bacte	Bdellovibrion	Oligofle	0319-6	Unclassified	Unclassified	Unclassified
55	Bacte	Proteobacte	Alphaproteobacte	Sphingomonada	Sphingomonadac	Novosphingob	Unclassified
55	Bacte	Actinobacteri	Actinobacte	Micrococca	Microbacteriac	Gryllotalpic	Unclassified
55	Bacte	Actinobacteri	Actinobacte	Micrococca	Microbacteriac	Gryllotalpic	Unclassified
54	Bacte	Verrucomicrobi	Verrucomicrob	Pedosphaera	Pedosphaerac	Unclassified	Unclassified
54	Bacte	Proteobacte	Alphaproteobacte	Micropepsa	Micropepsac	Unclassified	Unclassified
54	Bacte	Bacteroid	Bacteroi	Chitinophaga	Chitinophagac	Unclassified	Unclassified
53	Bacte	Proteobacte	Alphaproteobacte	Rhizobia	Labrac	Lab	Unclassified
53	Bacte	Proteobacte	Gammaproteobacte	Xanthomonada	Rhodanobacterac	Rhodanobac	Unclassified
53	Bacte	Bacteroid	Bacteroi	Sphingobacteria	Sphingobacteriac	Mucilaginibac	frigoritoler
53	Bacte	Proteobacte	Gammaproteobacte	Burkholderia	Alcaligenac	Unclassified	Unclassified
53	Bacte	Actinobacteri	Actinobacte	Micrococca	Microbacteriac	Humibac	Unclassified
52	Bacte	Proteobacte	Alphaproteobacte	Caulobactera	Caulobacterac	Unclassified	Unclassified
52	Bacte	Bacteroid	Bacteroi	Cytophaga	Cytophagac	Sporocytoph	Unclassified
52	Bacte	Acidobacteri	Vicinamibacte	Vicinamibactera	Unclassified	Unclassified	Unclassified
52	Bacte	Firmicu	Baci	Paenibacilla	Paenibacillac	Paenibacil	Unclassified
51	Bacte	Proteobacte	Alphaproteobacte	Caulobactera	Caulobacterac	Unclassified	Unclassified
51	Bacte	Proteobacte	Alphaproteobacte	Micropepsa	Micropepsac	Unclassified	Unclassified
51	Bacte	Proteobacte	Gammaproteobacte	Burkholderia	Nitrosomonadac	Unclassified	Unclassified
50	Bacte	Proteobacte	Alphaproteobacte	Acetobactera	Acetobacterac	Acidispha	Unclassified
50	Bacte	Proteobacte	Alphaproteobacte	Rhizobia	Xanthobacterac	Pseudolab	Unclassified
50	Bacte	Proteobacte	Alphaproteobacte	Sphingomonada	Sphingomonadac	Altererythrobac	Unclassified
50	Bacte	Bacteroid	Bacteroi	Chitinophaga	Chitinophagac	Unclassified	Unclassified
50	Bacte	Acidobacteri	Acidobacter	Bryobactera	Bryobacterac	Bryobac	Unclassified
49	Bacte	Proteobacte	Alphaproteobacte	Rhizobia	Xanthobacterac	Unclassified	Unclassified
49	Bacte	Proteobacte	Gammaproteobacte	Burkholderia	Alcaligenac	Eoetvoe	Unclassified
49	Bacte	Actinobacteri	Actinobacte	Streptomyceta	Streptomycetac	Streptacidiphi	Unclassified
48	Bacte	Proteobacte	Alphaproteobacte	Caulobactera	Caulobacterac	Unclassified	Unclassified
48	Bacte	Proteobacte	Gammaproteobacte	Burkholderia	Oxalobacterac	Unclassified	Unclassified
47	Bacte	Proteobacte	Alphaproteobacte	Caulobactera	Caulobacterac	Unclassified	Unclassified
47	Bacte	Proteobacte	Alphaproteobacte	Rhizobia	Devosiac	Devo	Unclassified
47	Bacte	Proteobacte	Gammaproteobacte	Xanthomonada	Rhodanobacterac	Dokdone	Unclassified
47	Bacte	Firmicu	Baci	Paenibacilla	Paenibacillac	Paenibacil	Unclassified
46	Bacte	Planctomycet	Planctomyce	Gemmata	Gemmatac	Gemm	Unclassified
46	Bacte	Bacteroid	Bacteroi	Sphingobacteria	Sphingobacteriac	Mucilaginibac	Unclassified
46	Bacte	Proteobacte	Gammaproteobacte	Xanthomonada	Rhodanobacterac	Chujaibac	s
46	Bacte	Proteobacte	Gammaproteobacte	Burkholderia	Alcaligenac	Candidimo	Unclassified
45	Bacte	Proteobacte	Alphaproteobacte	Rhizobia	Devosiac	Youhaie	Unclassified
45	Bacte	Bacteroid	Bacteroi	Sphingobacteria	Sphingobacteriac	Pedobac	Unclassified
45	Bacte	Bacteroid	Bacteroi	Chitinophaga	Chitinophagac	Unclassified	Unclassified
45	Bacte	Actinobacteri	Thermoleophi	Solirubrobactera	67	Unclassified	Unclassified
44	Bacte	Planctomycet	Planctomyce	Isosphaera	Isosphaerac	Paludispha	Unclassified
44	Bacte	Planctomycet	Planctomyce	Isosphaera	Isosphaerac	Paludispha	Unclassified
44	Bacte	Proteobacte	Alphaproteobacte	Reyranella	Reyranellac	Reyrane	Unclassified
44	Bacte	Bdellovibrion	Bdellovibrio	Bdellovibriona	Bdellovibrionac	Bdellovib	Unclassified
44	Bacte	Proteobacte	Gammaproteobacte	Salinisphaera	Solimonadac	Alkanibac	Unclassified
44	Bacte	Proteobacte	Alphaproteobacte	Rhizobia	Xanthobacterac	Unclassified	Unclassified
44	Bacte	Proteobacte	Alphaproteobacte	Rhizobia	Beijerinckiac	Bo	Unclassified
43	Bacte	Bdellovibrion	Bdellovibrio	Bdellovibriona	Bdellovibrionac	Bdellovib	Unclassified
43	Bacte	Proteobacte	Gammaproteobacte	Salinisphaera	Solimonadac	Solimo	ter
43	Bacte	Proteobacte	Alphaproteobacte	Azospirilla	Inquilinac	Inquili	Unclassified
43	Bacte	Proteobacte	Alphaproteobacte	Caulobactera	Caulobacterac	Unclassified	Unclassified
43	Bacte	Acidobacteri	Acidobacter	Acidobacteria	Acidobacteriaceae (Subgroup	Granulice	Unclassified
43	Bacte	Bacteroid	Bacteroi	Flavobacteria	Flavobacteriac	Flavobacter	Unclassified
42	Bacte	Verrucomicrobi	Verrucomicrob	Opituta	Opitutac	Opitu	Unclassified
42	Bacte	Proteobacte	Gammaproteobacte	Diplorickettsia	Diplorickettsiac	Unclassified	Unclassified
42	Bacte	Bacteroid	Bacteroi	Chitinophaga	Chitinophagac	Flavita	Unclassified
42	Bacte	Actinobacteri	Actinobacte	Unclassified	Unclassified	Unclassified	Unclassified
41	Bacte	Bdellovibrion	Bdellovibrio	Bdellovibriona	Bdellovibrionac	Bdellovib	Unclassified
41	Bacte	Verrucomicrobi	Verrucomicrob	Opituta	Opitutac	Opitu	Unclassified
41	Bacte	Planctomycet	Planctomyce	Planctomyceta	Rubinisphaerac	SH-P	Unclassified
41	Bacte	Proteobacte	Alphaproteobacte	Rhizobia	Unclassified	Unclassified	Unclassified
40	Bacte	Proteobacte	Unclassified	Unclassified	Unclassified	Unclassified	Unclassified
40	Bacte	Proteobacte	Alphaproteobacte	Azospirilla	Inquilinac	Inquili	Unclassified
40	Bacte	Proteobacte	Alphaproteobacte	Rhodospirilla	Magnetospirac	Unclassified	Unclassified
40	Bacte	Proteobacte	Gammaproteobacte	Xanthomonada	Rhodanobacterac	Dye	Unclassified
40	Bacte	Bdellovibrion	Bdellovibrio	Bacteriovoraca	Bacteriovoracac	Peredibac	Unclassified
39	Bacte	Planctomycet	Planctomyce	Planctomyceta	Schlesneriac	Schlesne	Unclassified
39	Bacte	Proteobacte	Alphaproteobacte	Parvibacula	Parvibaculac	Parvibacu	Unclassified
39	Bacte	Proteobacte	Alphaproteobacte	Rhizobia	Rhizobiac	Allorhizobium-Neorhizobium-Pararhizobium-Rhizob	Unclassified
39	Bacte	Proteobacte	Alphaproteobacte	Rhizobia	Devosiac	Devo	Unclassified
39	Bacte	Bacteroid	Bacteroi	Sphingobacteria	Sphingobacteriac	Unclassified	Unclassified
39	Bacte	Proteobacte	Gammaproteobacte	Burkholderia	Oxalobacterac	Massi	Unclassified
38	Bacte	Verrucomicrobi	Verrucomicrob	Pedosphaera	Pedosphaerac	Pedospha	Unclassified
38	Bacte	Acidobacteri	Vicinamibacte	Vicinamibactera	Unclassified	Unclassified	Unclassified
38	Bacte	Proteobacte	Alphaproteobacte	Caulobactera	Caulobacterac	Asticcacau	Unclassified
38	Bacte	Proteobacte	Alphaproteobacte	Caulobactera	Caulobacterac	Phenylobacter	Unclassified
38	Bacte	Proteobacte	Alphaproteobacte	Micropepsa	Micropepsac	Unclassified	Unclassified
38	Bacte	Proteobacte	Alphaproteobacte	Rhodospirilla	Rhodospirillac	Unclassified	Unclassified
38	Bacte	Verrucomicrobi	Chlamyd	Chlamydia	Parachlamydiac	Candidatus Protochlamy	Unclassified
37	Bacte	Bacteroid	Bacteroi	Flavobacteria	Flavobacteriac	Flavobacter	Unclassified
37	Bacte	Bacteroid	Bacteroi	Flavobacteria	Flavobacteriac	Flavobacter	resist
37	Bacte	Bacteroid	Bacteroi	Sphingobacteria	Sphingobacteriac	Mucilaginibac	Unclassified
37	Bacte	Chlorofl	Ktedonobacte	Ktedonobactera	Ktedonobacterac	Unclassified	Unclassified
37	Bacte	Proteobacte	Gammaproteobacte	Burkholderia	Comamonadac	Unclassified	Unclassified
37	Bacte	Proteobacte	Gammaproteobacte	Burkholderia	Methylophilac	UBA6	Unclassified
36	Bacte	Proteobacte	Alphaproteobacte	Acetobactera	Acetobacterac	Acidical	Unclassified
36	Bacte	Proteobacte	Alphaproteobacte	Rhizobia	Beijerinckiac	Unclassified	Unclassified
36	Bacte	Acidobacteri	Acidobacter	Solibactera	Solibacterac	Candidatus Solibac	Unclassified
36	Bacte	Actinobacteri	Thermoleophi	Gaiella	Unclassified	Unclassified	Unclassified
36	Bacte	Bdellovibrion	Oligofle	Oligoflexa	Unclassified	Unclassified	Unclassified
35	Bacte	Proteobacte	Alphaproteobacte	Micavibriona	Micavibrionac	Unclassified	Unclassified
35	Bacte	Proteobacte	Alphaproteobacte	Rhizobia	Rhizobiac	Corticibacter	pop
35	Bacte	Proteobacte	Alphaproteobacte	Micavibriona	Unclassified	Unclassified	Unclassified
35	Bacte	Proteobacte	Alphaproteobacte	Sphingomonada	Sphingomonadac	Hephaes	Unclassified
35	Bacte	Bacteroid	Bacteroi	Chitinophaga	Chitinophagac	Niaste	Unclassified
35	Bacte	Bacteroid	Bacteroi	Chitinophaga	Chitinophagac	Taibaie	Unclassified
35	Bacte	Proteobacte	Gammaproteobacte	Burkholderia	Oxalobacterac	Dugane	Unclassified
34	Bacte	Bdellovibrion	Oligofle	0319-6	Unclassified	Unclassified	Unclassified
34	Bacte	Proteobacte	Alphaproteobacte	Tistrella	Tistrellac	Tistre	Unclassified
34	Bacte	Proteobacte	Alphaproteobacte	Rhizobia	Rhizobiac	Aminobac	Unclassified
34	Bacte	Proteobacte	Alphaproteobacte	Parvibacula	Parvibaculac	Parvibacu	Unclassified
34	Bacte	Bacteroid	Bacteroi	Cytophaga	Spirosomac	Larkine	Unclassified
34	Bacte	Bdellovibrion	Oligofle	Oligoflexa	Unclassified	Unclassified	Unclassified
34	Bacte	Proteobacte	Gammaproteobacte	Burkholderia	Burkholderiac	Pandor	thiooxyd
33	Bacte	Planctomycet	Planctomyce	Planctomyceta	Rubinisphaerac	SH-P	Unclassified
33	Bacte	Proteobacte	Alphaproteobacte	Rhizobia	Xanthobacterac	Pseudolab	Unclassified
33	Bacte	Proteobacte	Alphaproteobacte	Caulobactera	Caulobacterac	Unclassified	Unclassified
33	Bacte	Proteobacte	Alphaproteobacte	Rhizobia	Rhizobiac	Pseudaminobac	Unclassified
33	Bacte	Proteobacte	Alphaproteobacte	Micropepsa	Micropepsac	Unclassified	Unclassified
33	Bacte	Proteobacte	Alphaproteobacte	Sphingomonada	Sphingomonadac	Unclassified	Unclassified
33	Bacte	Proteobacte	Alphaproteobacte	Sphingomonada	Sphingomonadac	Sphingomo	Unclassified
33	Bacte	Acidobacteri	Vicinamibacte	Vicinamibactera	Unclassified	Unclassified	Unclassified
32	Bacte	Actinobacteri	Acidimicrob	Microtricha	Iamiac	Ia	Unclassified
32	Bacte	Proteobacte	Alphaproteobacte	Rhizobia	Rhizobiales Incertae Se	Baul	Unclassified
32	Bacte	Proteobacte	Alphaproteobacte	Caulobactera	Caulobacterac	Unclassified	Unclassified
32	Bacte	Proteobacte	Alphaproteobacte	Micropepsa	Micropepsac	Unclassified	Unclassified
31	Bacte	Planctomycet	Phycisphae	Tepidisphaera	WD2101 soil gr	Unclassified	Unclassified
31	Bacte	Proteobacte	Alphaproteobacte	Unclassified	Unclassified	Unclassified	Unclassified
31	Bacte	Acidobacteri	Vicinamibacte	Vicinamibactera	Unclassified	Unclassified	Unclassified
31	Bacte	Acidobacteri	Acidobacter	Solibactera	Solibacterac	Candidatus Solibac	Unclassified
30	Bacte	Actinobacteri	Actinobacte	Micromonospora	Micromonosporac	Actinocatenisp	s
30	Bacte	Gemmatimonad	Gemmatimonade	Gemmatimonada	Gemmatimonadac	Unclassified	Unclassified
29	Bacte	Proteobacte	Alphaproteobacte	Ferrovibriona	Taone	Unclassified	Unclassified
29	Bacte	Proteobacte	Alphaproteobacte	Rhizobia	Amb-16S-1	Unclassified	Unclassified
29	Bacte	Proteobacte	Alphaproteobacte	Rhodospirilla	Rhodospirillac	Unclassified	Unclassified
29	Bacte	Bacteroid	Bacteroi	Sphingobacteria	NS11-12 marine gr	Unclassified	Unclassified
29	Bacte	Proteobacte	Gammaproteobacte	Burkholderia	Burkholderiac	Burkholderia-Caballeronia-Paraburkholde	Unclassified
28	Bacte	Proteobacte	Alphaproteobacte	Rhodospirilla	Unclassified	Unclassified	Unclassified
28	Bacte	Acidobacteri	Vicinamibacte	Vicinamibactera	Vicinamibacterac	Unclassified	Unclassified
28	Bacte	Proteobacte	Alphaproteobacte	Dongia	Dongiac	Don	Unclassified
28	Bacte	Proteobacte	Alphaproteobacte	Rhizobia	Xanthobacterac	Rhodopseudomo	Unclassified
28	Bacte	Proteobacte	Alphaproteobacte	Rhizobia	Unclassified	Unclassified	Unclassified
28	Bacte	Proteobacte	Alphaproteobacte	Rhizobia	Hyphomicrobiac	Pedomicrob	Unclassified
28	Bacte	Proteobacte	Alphaproteobacte	Rhizobia	Devosiac	Devo	Unclassified
28	Bacte	Gemmatimonad	Gemmatimonade	Gemmatimonada	Gemmatimonadac	Gemmatimo	Unclassified
28	Bacte	Acidobacteri	Acidobacter	Bryobactera	Bryobacterac	Bryobac	Unclassified
28	Bacte	Actinobacteri	Actinobacte	Propionibacteria	Nocardioidac	Nocardioi	Unclassified
28	Bacte	Actinobacteri	Actinobacte	Frankia	Unclassified	Unclassified	Unclassified
27	Bacte	Planctomycet	Planctomyce	Isosphaera	Isosphaerac	Aquispha	Unclassified
27	Bacte	Planctomycet	Planctomyce	Gemmata	Gemmatac	Gemm	Unclassified
27	Bacte	Proteobacte	Alphaproteobacte	Rhizobia	Hyphomicrobiac	Hyphomicrob	denitrific
27	Bacte	Proteobacte	Alphaproteobacte	Rhizobia	Xanthobacterac	Unclassified	Unclassified
27	Bacte	Proteobacte	Alphaproteobacte	Rhodospirilla	Magnetospirillac	Unclassified	Unclassified
27	Bacte	Proteobacte	Alphaproteobacte	Sphingomonada	Sphingomonadac	Sphingob	Unclassified
27	Bacte	Proteobacte	Gammaproteobacte	Burkholderia	Nitrosomonadac	Unclassified	Unclassified
27	Bacte	Proteobacte	Gammaproteobacte	Burkholderia	Alcaligenac	Pigmentiph	Unclassified
26	Bacte	Planctomycet	Planctomyce	Isosphaera	Isosphaerac	Aquispha	Unclassified
26	Bacte	Proteobacte	Alphaproteobacte	Reyranella	Reyranellac	Reyrane	Unclassified
26	Bacte	Proteobacte	Alphaproteobacte	Rhizobia	Rhizobiac	Shine	Unclassified
26	Bacte	Proteobacte	Alphaproteobacte	Parvibacula	Parvibaculac	Parvibacu	Unclassified
26	Bacte	Proteobacte	Alphaproteobacte	Sphingomonada	Sphingomonadac	Novosphingob	Unclassified
26	Bacte	Proteobacte	Alphaproteobacte	Sphingomonada	Sphingomonadac	Unclassified	Unclassified
25	Bacte	Planctomycet	Planctomyce	Pirellula	Pirellulac	Pirell	Unclassified
25	Bacte	Acidobacteri	Vicinamibacte	Vicinamibactera	Vicinamibacterac	Unclassified	Unclassified
25	Bacte	Proteobacte	Alphaproteobacte	Rhizobia	Rhizobiac	Allorhizobium-Neorhizobium-Pararhizobium-Rhizob	Unclassified
25	Bacte	Proteobacte	Alphaproteobacte	Rhodospirilla	Rhodospirillac	Unclassified	Unclassified
25	Bacte	Proteobacte	Gammaproteobacte	Burkholderia	TRA3	Unclassified	Unclassified
25	Bacte	Proteobacte	Gammaproteobacte	Burkholderia	Methylophilac	Methylophi	Unclassified
24	Bacte	Actinobacteri	Actinobacte	Pseudonocardia	Pseudonocardiac	Pseudonocar	Unclassified
24	Bacte	Planctomycet	Planctomyce	Gemmata	Gemmatac	Gemm	Unclassified
24	Bacte	Proteobacte	Alphaproteobacte	Acetobactera	Acetobacterac	Acidis	Unclassified
24	Bacte	Proteobacte	Alphaproteobacte	Rhizobia	Rhizobiac	Allorhizobium-Neorhizobium-Pararhizobium-Rhizob	Unclassified
24	Bacte	Proteobacte	Alphaproteobacte	Sphingomonada	Sphingomonadac	Sphingob	Unclassified
24	Bacte	Proteobacte	Alphaproteobacte	Sphingomonada	Sphingomonadac	Porphyrobac	tepidar
24	Bacte	Gemmatimonad	Longimicro	Longimicrobia	Longimicrobiac	Unclassified	Unclassified
23	Bacte	Proteobacte	Gammaproteobacte	Gammaproteobacteria Incertae Se	Unknown Fam	Acidibac	Unclassified
23	Bacte	Bdellovibrion	Oligofle	Silvanigrella	Silvanigrellac	Silvanigre	Unclassified
23	Bacte	Acidobacteri	Acidobacter	Acidobacteria	Acidobacteriaceae (Subgroup	Granulice	Unclassified
23	Bacte	Bacteroid	Bacteroi	Flavobacteria	Flavobacteriac	Flavobacter	Unclassified
23	Bacte	Proteobacte	Alphaproteobacte	Sphingomonada	Sphingomonadac	Qipengyua	Unclassified
22	Bacte	Planctomycet	Planctomyce	Isosphaera	Isosphaerac	Tundrispha	Unclassified
22	Bacte	Planctomycet	Planctomyce	Isosphaera	Isosphaerac	Singulispha	Unclassified
22	Bacte	Planctomycet	Planctomyce	Planctomyceta	Unclassified	Unclassified	Unclassified
22	Bacte	Proteobacte	Gammaproteobacte	Burkholderia	B1-	Unclassified	Unclassified
22	Bacte	Proteobacte	Gammaproteobacte	Burkholderia	Burkholderiac	Burkholderia-Caballeronia-Paraburkholde	Unclassified
21	Bacte	Actinobacteri	Actinobacte	Unclassified	Unclassified	Unclassified	Unclassified
21	Bacte	Planctomycet	Planctomyce	Gemmata	Gemmatac	Gemm	Unclassified
21	Bacte	Planctomycet	Planctomyce	Isosphaera	Isosphaerac	Isospha	Unclassified
21	Bacte	Actinobacteri	Actinobacte	Micromonospora	Micromonosporac	Unclassified	Unclassified
21	Bacte	Proteobacte	Gammaproteobacte	Salinisphaera	Solimonadac	Alkanibac	Unclassified
21	Bacte	Proteobacte	Alphaproteobacte	Rhizobia	Hyphomicrobiac	Hyphomicrob	Unclassified
21	Bacte	Proteobacte	Alphaproteobacte	Rhizobia	Xanthobacterac	Rhodopla	Unclassified
21	Bacte	Proteobacte	Alphaproteobacte	Caulobactera	Caulobacterac	Unclassified	Unclassified
21	Bacte	Proteobacte	Alphaproteobacte	Rhizobia	Rhizobiac	Mesorhizob	Unclassified
21	Bacte	Bdellovibrion	Bdellovibrio	Bacteriovoraca	Bacteriovoracac	Peredibac	Unclassified
21	Bacte	Actinobacteri	Actinobacte	Streptomyceta	Streptomycetac	Streptomy	Unclassified
21	Bacte	Proteobacte	Gammaproteobacte	Burkholderia	Oxalobacterac	Unclassified	Unclassified
21	Bacte	Patescibacte	Saccharimona	Saccharimonada	Saccharimonadac	T	Unclassified
20	Bacte	Planctomycet	Planctomyce	Planctomyceta	Unclassified	Unclassified	Unclassified
20	Bacte	Planctomycet	Planctomyce	Planctomyceta	Rubinisphaerac	SH-P	Unclassified
20	Bacte	Proteobacte	Alphaproteobacte	Caulobactera	Caulobacterac	Phenylobacter	Unclassified
20	Bacte	Proteobacte	Alphaproteobacte	Micropepsa	Micropepsac	Unclassified	Unclassified
20	Bacte	Proteobacte	Alphaproteobacte	Sphingomonada	Sphingomonadac	Sphingoaurantia	Unclassified
20	Bacte	Proteobacte	Alphaproteobacte	Sphingomonada	Sphingomonadac	Sphingomo	Unclassified
20	Bacte	Proteobacte	Alphaproteobacte	Rickettsia	Mitochond	Unclassified	Unclassified
20	Bacte	Gemmatimonad	Gemmatimonade	Gemmatimonada	Gemmatimonadac	Unclassified	Unclassified
20	Bacte	Proteobacte	Gammaproteobacte	Burkholderia	Comamonadac	Unclassified	Unclassified
20	Bacte	Proteobacte	Gammaproteobacte	Burkholderia	Burkholderiac	Pandor	Unclassified
19	Bacte	Proteobacte	Alphaproteobacte	Rickettsia	Mitochond	Unclassified	Unclassified
19	Bacte	Planctomycet	Phycisphae	Tepidisphaera	WD2101 soil gr	Unclassified	Unclassified
19	Bacte	Proteobacte	Alphaproteobacte	Rhodospirilla	Unclassified	Unclassified	Unclassified
19	Bacte	Proteobacte	Gammaproteobacte	Steroidobactera	Steroidobacterac	Steroidobac	Unclassified
19	Bacte	Proteobacte	Gammaproteobacte	Salinisphaera	Solimonadac	Panacagrimo	Unclassified
19	Bacte	Proteobacte	Alphaproteobacte	Dongia	Dongiac	Don	Unclassified
19	Bacte	Proteobacte	Alphaproteobacte	Sphingomonada	Sphingomonadac	Novosphingob	Unclassified
19	Bacte	Bacteroid	Bacteroi	Chitinophaga	Chitinophagac	Taibaie	Unclassified
19	Bacte	Actinobacteri	Thermoleophi	Solirubrobactera	67	Unclassified	Unclassified
19	Bacte	Actinobacteri	Actinobacte	Streptomyceta	Streptomycetac	Streptomy	Unclassified
19	Bacte	Proteobacte	Gammaproteobacte	Burkholderia	Alcaligenac	GKS98 freshwater gr	Unclassified
19	Bacte	Actinobacteri	Actinobacte	Unclassified	Unclassified	Unclassified	Unclassified
19	Bacte	Proteobacte	Gammaproteobacte	Burkholderia	TRA3	Unclassified	Unclassified
19	Bacte	Proteobacte	Gammaproteobacte	Burkholderia	Comamonadac	Curvibac	Unclassified
18	Bacte	Planctomycet	Phycisphae	Tepidisphaera	WD2101 soil gr	Unclassified	Unclassified
18	Bacte	Proteobacte	Alphaproteobacte	Rhizobia	Hyphomicrobiac	Hyphomicrob	Unclassified
18	Bacte	Proteobacte	Alphaproteobacte	Rhizobia	Xanthobacterac	Unclassified	Unclassified
18	Bacte	Proteobacte	Alphaproteobacte	Rhizobia	Kaistiac	Kais	Unclassified
18	Bacte	Bacteroid	Bacteroi	Chitinophaga	Chitinophagac	Flavisolibac	Unclassified
18	Bacte	Bacteroid	Bacteroi	Chitinophaga	Chitinophagac	Unclassified	Unclassified
18	Bacte	Bacteroid	Bacteroi	Chitinophaga	Chitinophagac	Edaphobacu	Unclassified
18	Bacte	Bacteroid	Bacteroi	Cytophaga	Cytophagac	Sporocytoph	Unclassified
18	Bacte	Proteobacte	Gammaproteobacte	Burkholderia	Burkholderiac	Pandor	Unclassified
17	Bacte	Planctomycet	Planctomyce	Gemmata	Gemmatac	Gemm	Unclassified
17	Bacte	Planctomycet	Planctomyce	Isosphaera	Isosphaerac	Paludispha	Unclassified
17	Bacte	Planctomycet	Planctomyce	Isosphaera	Isosphaerac	Paludispha	Unclassified
17	Bacte	Bdellovibrion	Bdellovibrio	Bdellovibriona	Bdellovibrionac	Bdellovib	Unclassified
17	Bacte	Proteobacte	Alphaproteobacte	Rhizobia	Xanthobacterac	Unclassified	Unclassified
17	Bacte	Proteobacte	Alphaproteobacte	Caulobactera	Caulobacterac	Brevundimo	Unclassified
17	Bacte	Proteobacte	Alphaproteobacte	Micropepsa	Micropepsac	Unclassified	Unclassified
17	Bacte	Verrucomicrobi	Verrucomicrob	Verrucomicrobia	Rubritaleac	Luteolibac	Unclassified
17	Bacte	Bacteroid	Bacteroi	Sphingobacteria	Sphingobacteriac	Arcticibac	Unclassified
17	Bacte	Proteobacte	Alphaproteobacte	Sphingomonada	Sphingomonadac	Sphingomo	naasen
17	Bacte	Bacteroid	Bacteroi	Chitinophaga	Chitinophagac	Unclassified	Unclassified
17	Bacte	Bacteroid	Bacteroi	Chitinophaga	Chitinophagac	P	Unclassified
17	Bacte	Bacteroid	Bacteroi	Chitinophaga	Chitinophagac	Arachidicoc	Unclassified
17	Bacte	Bacteroid	Bacteroi	Chitinophaga	Chitinophagac	Unclassified	Unclassified
17	Bacte	Firmicu	Baci	Paenibacilla	Paenibacillac	Paenibacil	Unclassified
17	Bacte	Actinobacteri	Actinobacte	Frankia	Frankiac	Jatrophihabit	Unclassified
16	Bacte	Planctomycet	Phycisphae	Tepidisphaera	WD2101 soil gr	Unclassified	Unclassified
16	Bacte	Planctomycet	Planctomyce	Isosphaera	Isosphaerac	Paludispha	Unclassified
16	Bacte	Verrucomicrobi	Verrucomicrob	Chthoniobactera	Chthoniobacterac	Chthoniobac	Unclassified
16	Bacte	Proteobacte	Alphaproteobacte	Dongia	Dongiac	Don	Unclassified
16	Bacte	Bacteroid	Bacteroi	Sphingobacteria	Sphingobacteriac	Pedobac	Unclassified
16	Bacte	Actinobacteri	Thermoleophi	Solirubrobactera	67	Unclassified	Unclassified
16	Bacte	Proteobacte	Gammaproteobacte	Burkholderia	Alcaligenac	Candidimo	Unclassified
16	Bacte	Proteobacte	Gammaproteobacte	Burkholderia	Alcaligenac	Unclassified	Unclassified
16	Bacte	Abditibacteri	Abditibacte	Abditibacteria	Abditibacteriac	Abditibacter	Unclassified
15	Bacte	Proteobacte	Alphaproteobacte	Rickettsia	Mitochond	Unclassified	Unclassified
15	Bacte	Planctomycet	Planctomyce	Isosphaera	Isosphaerac	Aquispha	Unclassified
15	Bacte	Proteobacte	Alphaproteobacte	Reyranella	Reyranellac	Reyrane	ter
15	Bacte	Proteobacte	Alphaproteobacte	Caulobactera	Caulobacterac	Unclassified	Unclassified
15	Bacte	Proteobacte	Alphaproteobacte	Caulobactera	Caulobacterac	Asticcacau	Unclassified
15	Bacte	Bacteroid	Bacteroi	Sphingobacteria	Sphingobacteriac	Mucilaginibac	Unclassified
15	Bacte	Proteobacte	Alphaproteobacte	Defluviicocca	Defluviicoccac	Defluviicoc	Unclassified
15	Bacte	Bacteroid	Bacteroi	Chitinophaga	Chitinophagac	Niaste	Unclassified
14	Bacte	Planctomycet	Planctomyce	Isosphaera	Isosphaerac	Singulispha	Unclassified
14	Bacte	Proteobacte	Alphaproteobacte	Rhizobia	Xanthobacterac	Unclassified	Unclassified
14	Bacte	Proteobacte	Alphaproteobacte	Rhizobia	Xanthobacterac	Pseudolab	Unclassified
14	Bacte	Bacteroid	Bacteroi	Sphingobacteria	Sphingobacteriac	Pedobac	Unclassified
14	Bacte	Bacteroid	Bacteroi	Sphingobacteria	Sphingobacteriac	Arcticibac	Unclassified
14	Bacte	Proteobacte	Alphaproteobacte	Sphingomonada	Sphingomonadac	Altererythrobac	Unclassified
14	Bacte	Proteobacte	Gammaproteobacte	Xanthomonada	Rhodanobacterac	Chujaibac	Unclassified
14	Bacte	Bacteroid	Bacteroi	Chitinophaga	Chitinophagac	Edaphobacu	Unclassified
14	Bacte	Bacteroid	Bacteroi	Chitinophaga	Chitinophagac	Edaphobacu	Unclassified
14	Bacte	Bdellovibrion	Oligofle	0319-6	Unclassified	Unclassified	Unclassified
14	Bacte	Acidobacteri	Vicinamibacte	Vicinamibactera	Unclassified	Unclassified	Unclassified
14	Bacte	Actinobacteri	Actinobacte	Micrococca	Unclassified	Unclassified	Unclassified
14	Bacte	Firmicu	Baci	Paenibacilla	Paenibacillac	Unclassified	Unclassified
14	Bacte	Bdellovibrion	Oligofle	Oligoflexa	Unclassified	Unclassified	Unclassified
13	Bacte	Planctomycet	Planctomyce	Pirellula	Pirellulac	Unclassified	Unclassified
13	Bacte	Planctomycet	Planctomyce	Pirellula	Pirellulac	Unclassified	Unclassified
13	Bacte	Proteobacte	Gammaproteobacte	211d	Unclassified	Unclassified	Unclassified
13	Bacte	Proteobacte	Alphaproteobacte	Dongia	Dongiac	Don	Unclassified
13	Bacte	Proteobacte	Alphaproteobacte	Rhizobia	Xanthobacterac	Unclassified	Unclassified
13	Bacte	Proteobacte	Alphaproteobacte	Caulobactera	Caulobacterac	Caulobac	Unclassified
13	Bacte	Proteobacte	Alphaproteobacte	Caulobactera	Caulobacterac	Unclassified	Unclassified
13	Bacte	Proteobacte	Alphaproteobacte	Rhizobia	Rhizobiac	Aminobac	Unclassified
13	Bacte	Proteobacte	Alphaproteobacte	Micropepsa	Micropepsac	Unclassified	Unclassified
13	Bacte	Bdellovibrion	Bdellovibrio	Bdellovibriona	Bdellovibrionac	Bdellovib	Unclassified
13	Bacte	Proteobacte	Alphaproteobacte	Sphingomonada	Sphingomonadac	Plot4-2	Unclassified
13	Bacte	Bacteroid	Bacteroi	Chitinophaga	Chitinophagac	Edaphobacu	Unclassified
13	Bacte	Bacteroid	Bacteroi	Chitinophaga	Chitinophagac	Parafilimo	ter
13	Bacte	Proteobacte	Gammaproteobacte	Burkholderia	B1-	Unclassified	Unclassified
13	Bacte	Proteobacte	Gammaproteobacte	Burkholderia	TRA3	Unclassified	Unclassified
13	Bacte	Abditibacteri	Abditibacte	Abditibacteria	Abditibacteriac	Abditibacter	Unclassified
13	Bacte	Firmicu	Clostri	Clostridia	Clostridiac	Clostridium sensu stricto	Unclassified
12	Bacte	Actinobacteri	Acidimicrob	Microtricha	Unclassified	Unclassified	Unclassified
12	Bacte	Planctomycet	Planctomyce	Isosphaera	Isosphaerac	Aquispha	Unclassified
12	Bacte	Planctomycet	Planctomyce	Isosphaera	Isosphaerac	Singulispha	Unclassified
12	Bacte	Verrucomicrobi	Verrucomicrob	Opituta	Opitutac	Cephaloticoc	Unclassified
12	Bacte	Planctomycet	Phycisphae	Tepidisphaera	Tepidisphaerac	Unclassified	Unclassified
12	Bacte	Proteobacte	Alphaproteobacte	Rhizobia	Hyphomicrobiac	Hyphomicrob	Unclassified
12	Bacte	Proteobacte	Alphaproteobacte	Rhizobia	Xanthobacterac	Pseudolab	Unclassified
12	Bacte	Proteobacte	Alphaproteobacte	Rhizobia	Rhizobiac	Mesorhizob	Unclassified
12	Bacte	Proteobacte	Alphaproteobacte	Rhizobia	Rhizobiac	Pseudaminobac	Unclassified
12	Bacte	Proteobacte	Alphaproteobacte	Rhizobia	KF-JG30	Unclassified	Unclassified
12	Bacte	Proteobacte	Alphaproteobacte	Rhizobia	D0	Unclassified	Unclassified
12	Bacte	Proteobacte	Alphaproteobacte	Sphingomonada	Sphingomonadac	Unclassified	Unclassified
12	Bacte	Actinobacteri	Thermoleophi	Solirubrobactera	Solirubrobacterac	Conexibac	woe
12	Bacte	Firmicu	Baci	Paenibacilla	Paenibacillac	Paenibacil	Unclassified
12	Bacte	Chlorofl	Chlorofle	Thermomicrobia	JG30-KF-C	Unclassified	Unclassified
12	Bacte	Proteobacte	Gammaproteobacte	Burkholderia	Oxalobacterac	Janthinobacter	Unclassified
12	Bacte	Patescibacte	Saccharimona	Saccharimonada	L	Unclassified	Unclassified
11	Bacte	Proteobacte	Alphaproteobacte	Rickettsia	Mitochond	Unclassified	Unclassified
11	Bacte	Actinobacteri	Actinobacte	Frankia	Frankiac	Jatrophihabit	Unclassified
11	Bacte	Myxococc	Polyan	Polyangia	Polyangiac	Sorang	Unclassified
11	Bacte	Planctomycet	Planctomyce	Isosphaera	Isosphaerac	Singulispha	Unclassified
11	Bacte	Verrucomicrobi	Verrucomicrob	Opituta	Opitutac	Opitu	Unclassified
11	Bacte	Proteobacte	Unclassified	Unclassified	Unclassified	Unclassified	Unclassified
11	Bacte	Planctomycet	Planctomyce	Planctomyceta	Unclassified	Unclassified	Unclassified
11	Bacte	Proteobacte	Alphaproteobacte	Rhizobia	Xanthobacterac	Unclassified	Unclassified
11	Bacte	Proteobacte	Alphaproteobacte	Rhizobia	Xanthobacterac	Pseudolab	Unclassified
11	Bacte	Proteobacte	Alphaproteobacte	Azospirilla	Azospirillac	Unclassified	Unclassified
11	Bacte	Proteobacte	Alphaproteobacte	Sphingomonada	Sphingomonadac	Unclassified	Unclassified
11	Bacte	Proteobacte	Alphaproteobacte	Sphingomonada	Sphingomonadac	Sphingomo	Unclassified
11	Bacte	Proteobacte	Gammaproteobacte	Pseudomonada	Moraxellac	Unclassified	Unclassified
11	Bacte	Proteobacte	Alphaproteobacte	Rickettsia	Mitochond	Unclassified	Unclassified
11	Bacte	Actinobacteri	Actinobacte	Micrococca	Promicromonosporac	Promicromonosp	Unclassified
11	Bacte	Firmicu	Baci	Paenibacilla	Paenibacillac	Cohne	Unclassified
11	Bacte	Firmicu	Baci	Paenibacilla	Paenibacillac	Paenibacil	Unclassified
11	Bacte	Actinobacteri	Acidimicrob	Unclassified	Unclassified	Unclassified	Unclassified
11	Bacte	Chlorofl	Chlorofle	Thermomicrobia	JG30-KF-C	Unclassified	Unclassified
11	Bacte	Proteobacte	Gammaproteobacte	Burkholderia	Comamonadac	Sphaeroti	Unclassified
11	Bacte	Proteobacte	Gammaproteobacte	Burkholderia	Comamonadac	Hylemone	Unclassified
11	Bacte	Actinobacteri	Actinobacte	Pseudonocardia	Pseudonocardiac	Pseudonocar	Unclassified
10	Bacte	Proteobacte	Alphaproteobacte	Reyranella	Reyranellac	Unclassified	Unclassified
10	Bacte	Proteobacte	Alphaproteobacte	Ferrovibriona	Unclassified	Unclassified	Unclassified
10	Bacte	Proteobacte	Gammaproteobacte	Pseudomonada	Pseudomonadac	Pseudomo	Unclassified
10	Bacte	Myxococc	Myxococ	Myxococca	Myxococcac	Unclassified	Unclassified
10	Bacte	Proteobacte	Gammaproteobacte	Gammaproteobacteria Incertae Se	Unknown Fam	Candidatus Ovatusbac	Unclassified
10	Bacte	Proteobacte	Alphaproteobacte	Rhodospirilla	Magnetospirac	Unclassified	Unclassified
10	Bacte	Proteobacte	Alphaproteobacte	Caulobactera	Caulobacterac	Phenylobacter	Unclassified
10	Bacte	Proteobacte	Alphaproteobacte	Rhizobia	Rhizobiales Incertae Se	Baul	Unclassified
10	Bacte	Proteobacte	Alphaproteobacte	Dongia	Dongiac	Don	Unclassified
10	Bacte	Proteobacte	Alphaproteobacte	Rhizobia	Rhizobiac	Unclassified	Unclassified
10	Bacte	Acidobacteri	Acidobacter	Acidobacteria	Acidobacteriaceae (Subgroup	Edaphobac	Unclassified
10	Bacte	Proteobacte	Alphaproteobacte	Sphingomonada	Sphingomonadac	Sphingob	Unclassified
10	Bacte	Actinobacteri	Actinobacte	Streptosporangia	Streptosporangiac	Microbisp	Unclassified
10	Bacte	Abditibacteri	Abditibacte	Abditibacteria	Abditibacteriac	Abditibacter	Unclassified
10	Bacte	Actinobacteri	Acidimicrob	Microtricha	Ilumatobacterac	CL500-29 marine gr	Unclassified
9	Bacte	Actinobacteri	Actinobacte	Frankia	Acidothermac	Acidother	Unclassified
9	Bacte	Actinobacteri	Acidimicrob	Microtricha	Iamiac	Ia	Unclassified
9	Bacte	Myxococc	Polyan	Polyangia	Phaselicystidac	Phaselicys	Unclassified
9	Bacte	Planctomycet	Planctomyce	Isosphaera	Isosphaerac	Aquispha	Unclassified
9	Bacte	Verrucomicrobi	Verrucomicrob	Opituta	Opitutac	Opitu	Unclassified
9	Bacte	Proteobacte	Alphaproteobacte	Rhizobia	Unclassified	Unclassified	Unclassified
9	Bacte	Proteobacte	Alphaproteobacte	Rhizobia	Xanthobacterac	Unclassified	Unclassified
9	Bacte	Proteobacte	Alphaproteobacte	Rhizobia	Beijerinckiac	Unclassified	Unclassified
9	Bacte	Proteobacte	Alphaproteobacte	Azospirilla	Azospirillac	Unclassified	Unclassified
9	Bacte	Proteobacte	Alphaproteobacte	Rhizobia	Beijerinckiac	Unclassified	Unclassified
9	Bacte	Proteobacte	Alphaproteobacte	Zavarzinia	Unclassified	Unclassified	Unclassified
9	Bacte	Actinobacteri	Actinobacte	Micrococca	Microbacteriac	Unclassified	Unclassified
9	Bacte	Proteobacte	Gammaproteobacte	Burkholderia	Nitrosomonadac	Ellin6	Unclassified
9	Bacte	Firmicu	Baci	Bacilla	Bacillac	Bacil	Unclassified
9	Bacte	Firmicu	Clostri	Clostridia	Clostridiac	Clostridium sensu strict	Unclassified
9	Bacte	Patescibacte	Saccharimona	Saccharimonada	L	Unclassified	Unclassified
8	Bacte	Actinobacteri	Actinobacte	Pseudonocardia	Pseudonocardiac	Pseudonocar	Unclassified
8	Bacte	Planctomycet	Phycisphae	Tepidisphaera	WD2101 soil gr	Unclassified	Unclassified
8	Bacte	Planctomycet	Planctomyce	Pirellula	Pirellulac	Unclassified	Unclassified
8	Bacte	Planctomycet	Planctomyce	Isosphaera	Isosphaerac	Singulispha	Unclassified
8	Bacte	Verrucomicrobi	Verrucomicrob	Pedosphaera	Pedosphaerac	Ellin	Unclassified
8	Bacte	Verrucomicrobi	Verrucomicrob	Pedosphaera	Pedosphaerac	Unclassified	Unclassified
8	Bacte	Verrucomicrobi	Verrucomicrob	Chthoniobactera	Chthoniobacterac	Chthoniobac	Unclassified
8	Bacte	Proteobacte	Alphaproteobacte	Azospirilla	Inquilinac	Inquili	Unclassified
8	Bacte	Proteobacte	Alphaproteobacte	Azospirilla	Inquilinac	Inquili	Unclassified
8	Bacte	Proteobacte	Alphaproteobacte	Rhizobia	Xanthobacterac	Afi	Unclassified
8	Bacte	Myxococc	Polyan	Haliangia	Haliangiac	Haliang	Unclassified
8	Bacte	Bacteroid	Bacteroi	Sphingobacteria	Sphingobacteriac	Pedobac	Unclassified
8	Bacte	Bacteroid	Bacteroi	Sphingobacteria	Sphingobacteriac	Pseudopedobac	salt
8	Bacte	Proteobacte	Alphaproteobacte	Defluviicocca	Unclassified	Unclassified	Unclassified
8	Bacte	Gemmatimonad	Gemmatimonade	Gemmatimonada	Gemmatimonadac	Gemmatimo	Unclassified
8	Bacte	Gemmatimonad	Gemmatimonade	Gemmatimonada	Gemmatimonadac	Gemmatimo	Unclassified
8	Bacte	Acidobacteri	Acidobacter	Bryobactera	Bryobacterac	Bryobac	Unclassified
8	Bacte	Firmicu	Baci	Paenibacilla	Paenibacillac	Paenibacil	Unclassified
8	Bacte	Proteobacte	Gammaproteobacte	Burkholderia	Comamonadac	Rhizobac	Unclassified
7	Bacte	Planctomycet	Planctomyce	Gemmata	Gemmatac	Unclassified	Unclassified
7	Bacte	Proteobacte	Alphaproteobacte	Ferrovibriona	Ferrovibrionac	Ferrovib	Unclassified
7	Bacte	Chlorofl	Chlorofle	Thermomicrobia	Thermomicrobiac	Nitrolan	Unclassified
7	Bacte	Proteobacte	Gammaproteobacte	Diplorickettsia	Diplorickettsiac	Unclassified	Unclassified
7	Bacte	Proteobacte	Gammaproteobacte	Steroidobactera	Steroidobacterac	Steroidobac	Unclassified
7	Bacte	Myxococc	Polyan	Haliangia	Haliangiac	Haliang	Unclassified
7	Bacte	Proteobacte	Alphaproteobacte	Rhizobia	Xanthobacterac	Pseudolab	Unclassified
7	Bacte	Proteobacte	Alphaproteobacte	Caulobactera	Caulobacterac	Caulobac	Unclassified
7	Bacte	Bdellovibrion	Oligofle	0319-6	Unclassified	Unclassified	Unclassified
7	Bacte	Verrucomicrobi	Verrucomicrob	Verrucomicrobia	Rubritaleac	Luteolibac	arcti
7	Bacte	Bacteroid	Bacteroi	Chitinophaga	Chitinophagac	Terrimo	s
7	Bacte	Gemmatimonad	Gemmatimonade	Gemmatimonada	Gemmatimonadac	Gemmatimo	Unclassified
7	Bacte	Firmicu	Thermacetoge	Thermacetogenia	Thermacetogeniac	Syntrophaceti	Unclassified
7	Bacte	Abditibacteri	Abditibacte	Abditibacteria	Abditibacteriac	Abditibacter	Unclassified
7	Bacte	Chlorofl	OL	Unclassified	Unclassified	Unclassified	Unclassified
6	Bacte	Planctomycet	Planctomyce	Gemmata	Gemmatac	Unclassified	Unclassified
6	Bacte	Proteobacte	Gammaproteobacte	Pseudomonada	Moraxellac	Cavice	Unclassified
6	Bacte	Verrucomicrobi	Verrucomicrob	Pedosphaera	Pedosphaerac	Unclassified	Unclassified
6	Bacte	Acidobacteri	Vicinamibacte	Vicinamibactera	Unclassified	Unclassified	Unclassified
6	Bacte	Proteobacte	Alphaproteobacte	Rhodospirilla	Magnetospirillac	Unclassified	Unclassified
6	Bacte	Proteobacte	Alphaproteobacte	Rickettsia	Mitochond	Unclassified	Unclassified
6	Bacte	Bdellovibrion	Bdellovibrio	Bdellovibriona	Bdellovibrionac	OM27 cl	Unclassified
6	Bacte	Chlorofl	Unclassified	Unclassified	Unclassified	Unclassified	Unclassified
6	Bacte	Proteobacte	Gammaproteobacte	Burkholderia	Alcaligenac	Castellanie	Unclassified
5	Bacte	Proteobacte	Alphaproteobacte	Rickettsia	Mitochond	Unclassified	Unclassified
5	Bacte	Elusimicrobi	Elusimicro	Lineage	Unclassified	Unclassified	Unclassified
5	Bacte	Planctomycet	Planctomyce	Pirellula	Pirellulac	Unclassified	Unclassified
5	Bacte	Proteobacte	Alphaproteobacte	Reyranella	Reyranellac	Unclassified	Unclassified
5	Bacte	Proteobacte	Gammaproteobacte	Diplorickettsia	Diplorickettsiac	Aquice	Unclassified
5	Bacte	Proteobacte	Alphaproteobacte	Rhizobia	Xanthobacterac	Unclassified	Unclassified
5	Bacte	Proteobacte	Alphaproteobacte	Caulobactera	Hyphomonadac	SW	Unclassified
5	Bacte	Proteobacte	Alphaproteobacte	Rhizobia	Beijerinckiac	Methylocys	Unclassified
5	Bacte	Gemmatimonad	Gemmatimonade	Gemmatimonada	Gemmatimonadac	Gemmatimo	Unclassified
5	Bacte	Acidobacteri	Acidobacter	Bryobactera	Bryobacterac	Bryobac	Unclassified
5	Bacte	Firmicu	Baci	Thermoactinomyceta	Thermoactinomycetac	Pasteu	Unclassified
5	Bacte	Proteobacte	Gammaproteobacte	Burkholderia	Alcaligenac	Candidimo	bauzanen
5	Bacte	Firmicu	Limnochor	Hydrogenisp	Unclassified	Unclassified	Unclassified
4	Bacte	WP	Unclassified	Unclassified	Unclassified	Unclassified	Unclassified
4	Bacte	Proteobacte	Alphaproteobacte	Rickettsia	Mitochond	Unclassified	Unclassified
4	Bacte	Proteobacte	Gammaproteobacte	Gammaproteobacteria Incertae Se	Unknown Fam	Candidatus Berkie	Unclassified
4	Bacte	Proteobacte	Alphaproteobacte	Caulobactera	Caulobacterac	Unclassified	Unclassified
4	Bacte	Proteobacte	Alphaproteobacte	Unclassified	Unclassified	Unclassified	Unclassified
4	Bacte	Dependent	Babel	Babelia	Vermiphilac	Unclassified	Unclassified
4	Bacte	Firmicu	Baci	Paenibacilla	Paenibacillac	Paenibacil	Unclassified
4	Bacte	Spirochaet	Leptospi	Leptospira	Leptospirac	Leptosp	Unclassified
4	Bacte	Proteobacte	Alphaproteobacte	Rickettsia	Mitochond	Unclassified	Unclassified
3	Arch	Halobacter	Methanomicro	Methanomicrobia	Rice Cluster	Unclassified	Unclassified
3	Bacte	Planctomycet	Planctomyce	Isosphaera	Isosphaerac	Paludispha	Unclassified
3	Bacte	Verrucomicrobi	Verrucomicrob	Verrucomicrobia	Verrucomicrobiac	Prosthecobac	Unclassified
3	Bacte	Proteobacte	Alphaproteobacte	Rhizobia	Xanthobacterac	Bradyrhizob	Unclassified
3	Bacte	Proteobacte	Alphaproteobacte	Caulobactera	Caulobacterac	Phenylobacter	Unclassified
3	Bacte	Proteobacte	Alphaproteobacte	Rhizobia	D0	Unclassified	Unclassified
3	Bacte	Proteobacte	Alphaproteobacte	Rickettsia	Mitochond	Unclassified	Unclassified
3	Bacte	Desulfobacter	Unclassified	Unclassified	Unclassified	Unclassified	Unclassified
3	Bacte	Actinobacteri	Thermoleophi	Gaiella	Unclassified	Unclassified	Unclassified
3	Bacte	Abditibacteri	Abditibacte	Abditibacteria	Abditibacteriac	Abditibacter	Unclassified
2	Bacte	Proteobacte	Alphaproteobacte	Rhodospirilla	Magnetospirac	Unclassified	Unclassified
2	Bacte	Proteobacte	Alphaproteobacte	Parvibacula	Parvibaculac	Parvibacu	Unclassified
2	Bacte	Verrucomicrobi	Verrucomicrob	Pedosphaera	Pedosphaerac	Unclassified	Unclassified
2	Bacte	Acidobacteri	Acidobacter	Acidobacteria	Acidobacteriaceae (Subgroup	Granulice	Unclassified
1	Bacte	Proteobacte	Alphaproteobacte	Rhizobia	Hyphomicrobiac	Hyphomicrob	Unclassified
1	Bacte	Acidobacteri	Acidobacter	Acidobacteria	Acidobacteriaceae (Subgroup	Granulice	Unclassified
